,Unnamed: 0.5,Unnamed: 0.4,Unnamed: 0.3,Unnamed: 0.2,Unnamed: 0.1,Unnamed: 0,Section,Url,Content,Metadata
0,0,0,0,0,0,0,9. -Front Matter,https://uscode.house.gov/view.xhtml?req=granuleid:USC-prelim-title18-chapter9-front&num=0&edition=prelim,"18 USC Ch. 9: Front Matter            Result 1 of 1                                      Current2018 Ed. and Supplement V (1/3/2024)2018 Ed. and Supplement IV (1/5/2023)2018 Ed. and Supplement III (1/3/2022)2018 Ed. and Supplement II (1/13/2021)2018 Ed. and Supplement I (1/24/2020)2018 Main Ed. (1/14/2019)2012 Ed. and Supplement V (1/12/2018)2012 Ed. and Supplement IV (1/6/2017)2012 Ed. and Supplement III (1/3/2016)2012 Ed. and Supplement II (1/5/2015)2012 Ed. and Supplement I (1/16/2014)2012 Main Ed. (1/15/2013)2006 Ed. and Supplement V (1/3/2012)2006 Ed. and Supplement IV (1/7/2011)2006 Ed. and Supplement III (2/1/2010)2006 Ed. and Supplement II (1/5/2009)2006 Ed. and Supplement I (1/8/2008)2006 Main Ed. (1/3/2007)2000 Ed. and Supplement V (1/2/2006)2000 Ed. and Supplement IV (1/3/2005)2000 Ed. and Supplement III (1/19/2004)2000 Ed. and Supplement II (1/6/2003)2000 Ed. and Supplement I (1/22/2002)2000 Main Ed. (1/2/2001)1994 Ed. and Supplement V (1/23/2000)1994 Ed. and Supplement IV (1/5/1999)1994 Ed. and Supplement III (1/26/1998)1994 Ed. and Supplement II (1/6/1997)1994 Ed. and Supplement I (1/16/1996)1994 Main Ed. (1/4/1995)                         Back to Original Document << Previous                                 TITLE 18 / PART I / CHAPTER 9 / Front Matter                                 Next >>[Print]                                  [Print selection][OLRC Home]Help 18 USC Ch. 9: Front MatterFrom Title 18-CRIMES AND CRIMINAL PROCEDUREPART I-CRIMESCHAPTER 9-BANKRUPTCYJump To: MiscellaneousAmendmentsCHAPTER 9-BANKRUPTCYSec.151.Definition.152.Concealment of assets; false oaths and claims; bribery.153.Embezzlement against estate.154.Adverse interest and conduct of officers.155.Fee agreements in cases under title 11 and receiverships.156.Knowing disregard of bankruptcy law or rule.157.Bankruptcy fraud.158.Designation of United States attorneys and agents of the Federal Bureau of Investigation to address abusive reaffirmations of debt and materially fraudulent statements in bankruptcy schedules.        Editorial NotesAmendments2005-Pub. L. 109–8, title II, §203(b)(2), Apr. 20, 2005, 119 Stat. 49, added item 158.1994-Pub. L. 103–394, title III, §312(a)(2), Oct. 22, 1994, 108 Stat. 4140, substituted ""against estate"" for ""by trustee or officer"" in item 153 and added items 156 and 157.1978-Pub. L. 95–598, title III, §314(b)(2), (d)(3), (e)(3), (f)(3), Nov. 6, 1978, 92 Stat. 2677, substituted in item 151 ""Definition"" for ""Definitions""; struck from item 153 "", receiver"" after ""trustee"" and from item 154 ""referees and other"" before ""officers""; and substituted in item 155 ""cases under title 11 and receiverships"" for ""bankruptcy proceedings"".","Amendments2005-Pub. L. 109–8, title II, §203(b)(2), Apr. 20, 2005, 119 Stat. 49, added item 158.1994-Pub. L. 103–394, title III, §312(a)(2), Oct. 22, 1994, 108 Stat. 4140, substituted ""against estate"" for ""by trustee or officer"" in item 153 and added items 156 and 157.1978-Pub. L. 95–598, title III, §314(b)(2), (d)(3), (e)(3), (f)(3), Nov. 6, 1978, 92 Stat. 2677, substituted in item 151 ""Definition"" for ""Definitions""; struck from item 153 "", receiver"" after ""trustee"" and from item 154 ""referees and other"" before ""officers""; and substituted in item 155 ""cases under title 11 and receiverships"" for ""bankruptcy proceedings""."
1,1,1,1,1,1,1,151. Definition,https://uscode.house.gov/view.xhtml?req=granuleid:USC-prelim-title18-section151&num=0&edition=prelim,"As used in this chapter, the term ""debtor"" means a debtor concerning whom a petition has been filed under title 11.(June 25, 1948, ch. 645, 62 Stat. 689; Pub. L. 95–598, title III, §314(b)(1), Nov. 6, 1978, 92 Stat. 2676; Pub. L. 103–322, title XXXIII, §330008(5), Sept. 13, 1994, 108 Stat. 2143.)Historical and Revision NotesBased on section 52(f) of title 11, U.S.C., 1940 ed., Bankruptcy (July 1, 1898, ch. 541, §29f as added June 22, 1938, ch. 575, §1, 52 Stat. 857).Definition of ""bankruptcy"" was added to avoid repetitious references to said title 11.Minor changes in phraseology was made.Editorial NotesAmendments1994-Pub. L. 103–322 substituted ""means"" for ""mean"".1978-Pub. L. 95–598 substituted ""Definition"" for ""Definitions"" in section catchline, substituted definition of ""debtor"" as a debtor concerning whom a petition has been filed under title 11 for definition of ""bankrupt"" as a debtor by or against whom a petition has been filed under title 11, and struck out definition of ""bankruptcy"" as including any proceeding, arrangement, or plan pursuant to title 11.Statutory Notes and Related SubsidiariesEffective Date of 1978 AmendmentAmendment by Pub. L. 95–598 effective Oct. 1, 1979, see section 402(a) of Pub. L. 95–598, set out as an Effective Date note preceding section 101 of Title 11, Bankruptcy.Savings ProvisionAmendment by section 314 of Pub. L. 95–598 not to affect the application of chapter 9 (§151 et seq.), chapter 96 (§1961 et seq.), or section 2516, 3057, or 3284 of this title to any act of any person (1) committed before Oct. 1, 1979, or (2) committed after Oct. 1, 1979, in connection with a case commenced before such date, see section 403(d) of Pub. L. 95–598, set out as a note preceding section 101 of Title 11, Bankruptcy.","Amendments1994-Pub. L. 103–322 substituted ""means"" for ""mean"".1978-Pub. L. 95–598 substituted ""Definition"" for ""Definitions"" in section catchline, substituted definition of ""debtor"" as a debtor concerning whom a petition has been filed under title 11 for definition of ""bankrupt"" as a debtor by or against whom a petition has been filed under title 11, and struck out definition of ""bankruptcy"" as including any proceeding, arrangement, or plan pursuant to title 11.Statutory Notes and Related SubsidiariesEffective Date of 1978 AmendmentAmendment by Pub. L. 95–598 effective Oct. 1, 1979, see section 402(a) of Pub. L. 95–598, set out as an Effective Date note preceding section 101 of Title 11, Bankruptcy.Savings ProvisionAmendment by section 314 of Pub. L. 95–598 not to affect the application of chapter 9 (§151 et seq.), chapter 96 (§1961 et seq.), or section 2516, 3057, or 3284 of this title to any act of any person (1) committed before Oct. 1, 1979, or (2) committed after Oct. 1, 1979, in connection with a case commenced before such date, see section 403(d) of Pub. L. 95–598, set out as a note preceding section 101 of Title 11, Bankruptcy."
2,2,2,2,2,2,2,152. Concealment of assets; false oaths and claims; bribery,https://uscode.house.gov/view.xhtml?req=granuleid:USC-prelim-title18-section152&num=0&edition=prelim,"A person who-(1) knowingly and fraudulently conceals from a custodian, trustee, marshal, or other officer of the court charged with the control or custody of property, or, in connection with a case under title 11, from creditors or the United States Trustee, any property belonging to the estate of a debtor;(2) knowingly and fraudulently makes a false oath or account in or in relation to any case under title 11;(3) knowingly and fraudulently makes a false declaration, certificate, verification, or statement under penalty of perjury as permitted under section 1746 of title 28, in or in relation to any case under title 11;(4) knowingly and fraudulently presents any false claim for proof against the estate of a debtor, or uses any such claim in any case under title 11, in a personal capacity or as or through an agent, proxy, or attorney;(5) knowingly and fraudulently receives any material amount of property from a debtor after the filing of a case under title 11, with intent to defeat the provisions of title 11;(6) knowingly and fraudulently gives, offers, receives, or attempts to obtain any money or property, remuneration, compensation, reward, advantage, or promise thereof for acting or forbearing to act in any case under title 11;(7) in a personal capacity or as an agent or officer of any person or corporation, in contemplation of a case under title 11 by or against the person or any other person or corporation, or with intent to defeat the provisions of title 11, knowingly and fraudulently transfers or conceals any of his property or the property of such other person or corporation;(8) after the filing of a case under title 11 or in contemplation thereof, knowingly and fraudulently conceals, destroys, mutilates, falsifies, or makes a false entry in any recorded information (including books, documents, records, and papers) relating to the property or financial affairs of a debtor; or(9) after the filing of a case under title 11, knowingly and fraudulently withholds from a custodian, trustee, marshal, or other officer of the court or a United States Trustee entitled to its possession, any recorded information (including books, documents, records, and papers) relating to the property or financial affairs of a debtor,shall be fined under this title, imprisoned not more than 5 years, or both.(June 25, 1948, ch. 645, 62 Stat. 689; Pub. L. 86–519, §2, June 12, 1960, 74 Stat. 217; Pub. L. 86–701, Sept. 2, 1960, 74 Stat. 753; Pub. L. 94–550, §4, Oct. 18, 1976, 90 Stat. 2535; Pub. L. 95–598, title III, §314(a), (c), Nov. 6, 1978, 92 Stat. 2676, 2677; Pub. L. 100–690, title VII, §7017, Nov. 18, 1988, 102 Stat. 4395; Pub. L. 103–322, title XXXIII, §330016(1)(K), Sept. 13, 1994, 108 Stat. 2147; Pub. L. 103–394, title III, §312(a)(1)(A), Oct. 22, 1994, 108 Stat. 4138; Pub. L. 104–294, title VI, §601(a)(1), Oct. 11, 1996, 110 Stat. 3497.)Historical and Revision NotesBased on section 52(b) of title 11, U.S.C., 1940 ed., Bankruptcy (July 1, 1898, ch. 541, §29b, 30 Stat. 554; May 27, 1926, ch. 406, §11 (part), 44 Stat. 665; June 22, 1938, ch. 575, §1 (part), 52 Stat. 855).Section was broadened to apply to one who gives or offers a bribe.Minor changes were made in phraseology.Editorial NotesAmendments1996-Pub. L. 104–294 substituted ""fined under this title"" for ""fined not more than $5,000"" in closing provisions.1994-Pub. L. 103–394 amended section generally, designating undesignated pars. as opening provisions, pars. (1) to (9), and closing provisions, and in pars. (1) and (9) inserting reference to United States Trustee.Pub. L. 103–322 substituted ""fined under this title"" for ""fined not more than $5,000"" in last par.1988-Pub. L. 100–690 substituted ""penalty of perjury"" for ""penalty or perjury"" in third par.1978-Pub. L. 95–598 substituted, wherever appearing, ""debtor"" for ""bankrupt"", ""case under title 11"" for ""bankruptcy proceeding"", and ""provisions of title 11"" for ""bankruptcy law""; and substituted ""a custodian"" for ""the receiver, custodian"", wherever appearing, and ""recorded information, including books, documents, records, and papers, relating to the property or financial affairs"" for ""document affecting or relating to the property or affairs"", in two places.1976-Pub. L. 94–550 inserted paragraph covering the knowing and fraudulent making of a false declaration, certificate, verification, or statement under penalty of perjury as permitted under section 1746 of title 28 or in relation to any bankruptcy proceeding.1960-Pub. L. 86–701 included fraudulent transfers and concealment of property by persons in their individual capacity in sixth par.Pub. L. 86–519 struck out ""under oath"" after ""knowingly and fraudulently presents"" in third par.Statutory Notes and Related SubsidiariesEffective Date of 1994 AmendmentAmendment by Pub. L. 103–394 effective Oct. 22, 1994, and not applicable with respect to cases commenced under Title 11, Bankruptcy, before Oct. 22, 1994, see section 702 of Pub. L. 103–394, set out as a note under section 101 of Title 11.Effective Date of 1978 AmendmentAmendment by Pub. L. 95–598 effective Oct. 1, 1979, see section 402(a) of Pub. L. 95–598, set out as an Effective Date note preceding section 101 of Title 11, Bankruptcy.Savings ProvisionAmendment by section 314 of Pub. L. 95–598 not to affect the application of chapter 9 (§151 et seq.), chapter 96 (§1961 et seq.), or section 2516, 3057, or 3284 of this title to any act of any person (1) committed before Oct. 1, 1979, or (2) committed after Oct. 1, 1979, in connection with a case commenced before such date, see section 403(d) of Pub. L. 95–598, set out as a note preceding section 101 of Title 11, Bankruptcy.","Amendments1996-Pub. L. 104–294 substituted ""fined under this title"" for ""fined not more than $5,000"" in closing provisions.1994-Pub. L. 103–394 amended section generally, designating undesignated pars. as opening provisions, pars. (1) to (9), and closing provisions, and in pars. (1) and (9) inserting reference to United States Trustee.Pub. L. 103–322 substituted ""fined under this title"" for ""fined not more than $5,000"" in last par.1988-Pub. L. 100–690 substituted ""penalty of perjury"" for ""penalty or perjury"" in third par.1978-Pub. L. 95–598 substituted, wherever appearing, ""debtor"" for ""bankrupt"", ""case under title 11"" for ""bankruptcy proceeding"", and ""provisions of title 11"" for ""bankruptcy law""; and substituted ""a custodian"" for ""the receiver, custodian"", wherever appearing, and ""recorded information, including books, documents, records, and papers, relating to the property or financial affairs"" for ""document affecting or relating to the property or affairs"", in two places.1976-Pub. L. 94–550 inserted paragraph covering the knowing and fraudulent making of a false declaration, certificate, verification, or statement under penalty of perjury as permitted under section 1746 of title 28 or in relation to any bankruptcy proceeding.1960-Pub. L. 86–701 included fraudulent transfers and concealment of property by persons in their individual capacity in sixth par.Pub. L. 86–519 struck out ""under oath"" after ""knowingly and fraudulently presents"" in third par.Statutory Notes and Related SubsidiariesEffective Date of 1994 AmendmentAmendment by Pub. L. 103–394 effective Oct. 22, 1994, and not applicable with respect to cases commenced under Title 11, Bankruptcy, before Oct. 22, 1994, see section 702 of Pub. L. 103–394, set out as a note under section 101 of Title 11.Effective Date of 1978 AmendmentAmendment by Pub. L. 95–598 effective Oct. 1, 1979, see section 402(a) of Pub. L. 95–598, set out as an Effective Date note preceding section 101 of Title 11, Bankruptcy.Savings ProvisionAmendment by section 314 of Pub. L. 95–598 not to affect the application of chapter 9 (§151 et seq.), chapter 96 (§1961 et seq.), or section 2516, 3057, or 3284 of this title to any act of any person (1) committed before Oct. 1, 1979, or (2) committed after Oct. 1, 1979, in connection with a case commenced before such date, see section 403(d) of Pub. L. 95–598, set out as a note preceding section 101 of Title 11, Bankruptcy."
3,3,3,3,3,3,3,153. Embezzlement against estate,https://uscode.house.gov/view.xhtml?req=granuleid:USC-prelim-title18-section153&num=0&edition=prelim,"(a) Offense.-A person described in subsection (b) who knowingly and fraudulently appropriates to the person's own use, embezzles, spends, or transfers any property or secretes or destroys any document belonging to the estate of a debtor shall be fined under this title, imprisoned not more than 5 years, or both.(b) Person to Whom Section Applies.-A person described in this subsection is one who has access to property or documents belonging to an estate by virtue of the person's participation in the administration of the estate as a trustee, custodian, marshal, attorney, or other officer of the court or as an agent, employee, or other person engaged by such an officer to perform a service with respect to the estate.(June 25, 1948, ch. 645, 62 Stat. 690; Pub. L. 95–598, title III, §314(a)(1), (d)(1), (2), Nov. 6, 1978, 92 Stat. 2676, 2677; Pub. L. 103–322, title XXXIII, §330016(1)(K), Sept. 13, 1994, 108 Stat. 2147; Pub. L. 103–394, title III, §312(a)(1)(A), Oct. 22, 1994, 108 Stat. 4139; Pub. L. 104–294, title VI, §601(a)(1), Oct. 11, 1996, 110 Stat. 3497.)Historical and Revision NotesBased on section 52(a) of title 11, U.S.C., 1940 ed., Bankruptcy (July 1, 1898, ch. 541, §29a, 30 Stat. 554; May 27, 1926, ch. 406, §11 (part), 44 Stat. 665; June 22, 1938, ch. 575, §1 (part), 52 Stat. 855).Minor changes were made in phraseology.Editorial NotesAmendments1996-Subsec. (a). Pub. L. 104–294 substituted ""fined under this title"" for ""fined not more than $5,000"".1994-Pub. L. 103–394 amended section generally. Prior to amendment, section read as follows: ""Whoever knowingly and fraudulently appropriates to his own use, embezzles, spends, or transfers any property or secretes or destroys any document belonging to the estate of a debtor which came into his charge as trustee, custodian, marshal, or other officer of the court, shall be fined under this title or imprisoned not more than five years, or both.""Pub. L. 103–322 substituted ""fined under this title"" for ""fined not more than $5,000"".1978-Pub. L. 95–598 struck out "", receiver"" after ""trustee"" in section catchline and in text struck out ""receiver,"" before ""custodian"" and substituted ""debtor"" for ""bankrupt"".Statutory Notes and Related SubsidiariesEffective Date of 1994 AmendmentAmendment by Pub. L. 103–394 effective Oct. 22, 1994, and not applicable with respect to cases commenced under Title 11, Bankruptcy, before Oct. 22, 1994, see section 702 of Pub. L. 103–394, set out as a note under section 101 of Title 11.Effective Date of 1978 AmendmentAmendment by Pub. L. 95–598 effective Oct. 1, 1979, see section 402(a) of Pub. L. 95–598, set out as an Effective Date note preceding section 101 of Title 11, Bankruptcy.Savings ProvisionAmendment by section 314 of Pub. L. 95–598 not to affect the application of chapter 9 (§151 et seq.), chapter 96 (§1961 et seq.), or section 2516, 3057, or 3284 of this title to any act of any person (1) committed before Oct. 1, 1979, or (2) committed after Oct. 1, 1979, in connection with a case commenced before such date, see section 403(d) of Pub. L. 95–598, set out as a note preceding section 101 of Title 11, Bankruptcy.","Amendments1996-Subsec. (a). Pub. L. 104–294 substituted ""fined under this title"" for ""fined not more than $5,000"".1994-Pub. L. 103–394 amended section generally. Prior to amendment, section read as follows: ""Whoever knowingly and fraudulently appropriates to his own use, embezzles, spends, or transfers any property or secretes or destroys any document belonging to the estate of a debtor which came into his charge as trustee, custodian, marshal, or other officer of the court, shall be fined under this title or imprisoned not more than five years, or both.""Pub. L. 103–322 substituted ""fined under this title"" for ""fined not more than $5,000"".1978-Pub. L. 95–598 struck out "", receiver"" after ""trustee"" in section catchline and in text struck out ""receiver,"" before ""custodian"" and substituted ""debtor"" for ""bankrupt"".Statutory Notes and Related SubsidiariesEffective Date of 1994 AmendmentAmendment by Pub. L. 103–394 effective Oct. 22, 1994, and not applicable with respect to cases commenced under Title 11, Bankruptcy, before Oct. 22, 1994, see section 702 of Pub. L. 103–394, set out as a note under section 101 of Title 11.Effective Date of 1978 AmendmentAmendment by Pub. L. 95–598 effective Oct. 1, 1979, see section 402(a) of Pub. L. 95–598, set out as an Effective Date note preceding section 101 of Title 11, Bankruptcy.Savings ProvisionAmendment by section 314 of Pub. L. 95–598 not to affect the application of chapter 9 (§151 et seq.), chapter 96 (§1961 et seq.), or section 2516, 3057, or 3284 of this title to any act of any person (1) committed before Oct. 1, 1979, or (2) committed after Oct. 1, 1979, in connection with a case commenced before such date, see section 403(d) of Pub. L. 95–598, set out as a note preceding section 101 of Title 11, Bankruptcy."
4,4,4,4,4,4,4,154. Adverse interest and conduct of officers,https://uscode.house.gov/view.xhtml?req=granuleid:USC-prelim-title18-section154&num=0&edition=prelim,"A person who, being a custodian, trustee, marshal, or other officer of the court-(1) knowingly purchases, directly or indirectly, any property of the estate of which the person is such an officer in a case under title 11;(2) knowingly refuses to permit a reasonable opportunity for the inspection by parties in interest of the documents and accounts relating to the affairs of estates in the person's charge by parties when directed by the court to do so; or(3) knowingly refuses to permit a reasonable opportunity for the inspection by the United States Trustee of the documents and accounts relating to the affairs of an estate in the person's charge,shall be fined under this title and shall forfeit the person's office, which shall thereupon become vacant.(June 25, 1948, ch. 645, 62 Stat. 690; Pub. L. 95–598, title III, §314(a)(2), (e)(1), (2), Nov. 6, 1978, 92 Stat. 2676, 2677; Pub. L. 103–322, title XXXIII, §330016(1)(G), Sept. 13, 1994, 108 Stat. 2147; Pub. L. 103–394, title III, §312(a)(1)(A), Oct. 22, 1994, 108 Stat. 4139; Pub. L. 104–294, title VI, §601(a)(1), Oct. 11, 1996, 110 Stat. 3497.)Historical and Revision NotesBased on section 52(c) of title 11, U.S.C., 1940 ed., Bankruptcy (July 1, 1898, ch. 541, §29c, 30 Stat. 554; June 22, 1938, ch. 575, §1 (part), 52 Stat. 856).Minor changes were made in phraseology.Editorial NotesAmendments1996-Pub. L. 104–294 substituted ""fined under this title"" for ""fined not more than $5,000"" in closing provisions.1994-Pub. L. 103–394 amended section generally. Prior to amendment, section read as follows:""Whoever, being a custodian, trustee, marshal, or other officer of the court, knowingly purchases, directly or indirectly, any property of the estate of which he is such officer in a case under title 11; or""Whoever being such officer, knowingly refuses to permit a reasonable opportunity for the inspection of the documents and accounts relating to the affairs of estates in his charge by parties in interest when directed by the court to do so-""Shall be fined under this title, and shall forfeit his office, which shall thereupon become vacant.""Pub. L. 103–322 substituted ""fined under this title"" for ""fined not more than $500"" in third par.1978-Pub. L. 95–598 struck out ""referees and other"" before ""officers"" in section catchline, and in text struck out ""Whoever knowingly acts as a referee in a case in which he is directly or indirectly interested; or"" before ""Whoever, being a"" and ""referee, receiver,"" before ""custodian"" and substituted ""case under title 11"" for ""bankruptcy proceeding"".Statutory Notes and Related SubsidiariesEffective Date of 1994 AmendmentAmendment by Pub. L. 103–394 effective Oct. 22, 1994, and not applicable with respect to cases commenced under Title 11, Bankruptcy, before Oct. 22, 1994, see section 702 of Pub. L. 103–394, set out as a note under section 101 of Title 11.Effective Date of 1978 AmendmentAmendment by Pub. L. 95–598 effective Oct. 1, 1979, see section 402(a) of Pub. L. 95–598, set out as an Effective Date note preceding section 101 of Title 11, Bankruptcy.Savings ProvisionAmendment by section 314 of Pub. L. 95–598 not to affect the application of chapter 9 (§151 et seq.), chapter 96 (§1961 et seq.), or section 2516, 3057, or 3284 of this title to any act of any person (1) committed before Oct. 1, 1979, or (2) committed after Oct. 1, 1979, in connection with a case commenced before such date, see section 403(d) of Pub. L. 95–598, set out as a note preceding section 101 of Title 11, Bankruptcy.","Amendments1996-Pub. L. 104–294 substituted ""fined under this title"" for ""fined not more than $5,000"" in closing provisions.1994-Pub. L. 103–394 amended section generally. Prior to amendment, section read as follows:""Whoever, being a custodian, trustee, marshal, or other officer of the court, knowingly purchases, directly or indirectly, any property of the estate of which he is such officer in a case under title 11; or""Whoever being such officer, knowingly refuses to permit a reasonable opportunity for the inspection of the documents and accounts relating to the affairs of estates in his charge by parties in interest when directed by the court to do so-""Shall be fined under this title, and shall forfeit his office, which shall thereupon become vacant.""Pub. L. 103–322 substituted ""fined under this title"" for ""fined not more than $500"" in third par.1978-Pub. L. 95–598 struck out ""referees and other"" before ""officers"" in section catchline, and in text struck out ""Whoever knowingly acts as a referee in a case in which he is directly or indirectly interested; or"" before ""Whoever, being a"" and ""referee, receiver,"" before ""custodian"" and substituted ""case under title 11"" for ""bankruptcy proceeding"".Statutory Notes and Related SubsidiariesEffective Date of 1994 AmendmentAmendment by Pub. L. 103–394 effective Oct. 22, 1994, and not applicable with respect to cases commenced under Title 11, Bankruptcy, before Oct. 22, 1994, see section 702 of Pub. L. 103–394, set out as a note under section 101 of Title 11.Effective Date of 1978 AmendmentAmendment by Pub. L. 95–598 effective Oct. 1, 1979, see section 402(a) of Pub. L. 95–598, set out as an Effective Date note preceding section 101 of Title 11, Bankruptcy.Savings ProvisionAmendment by section 314 of Pub. L. 95–598 not to affect the application of chapter 9 (§151 et seq.), chapter 96 (§1961 et seq.), or section 2516, 3057, or 3284 of this title to any act of any person (1) committed before Oct. 1, 1979, or (2) committed after Oct. 1, 1979, in connection with a case commenced before such date, see section 403(d) of Pub. L. 95–598, set out as a note preceding section 101 of Title 11, Bankruptcy."
5,5,5,5,5,5,5,155. Fee agreements in cases under title 11 and receiverships,https://uscode.house.gov/view.xhtml?req=granuleid:USC-prelim-title18-section155&num=0&edition=prelim,"Whoever, being a party in interest, whether as a debtor, creditor, receiver, trustee or representative of any of them, or attorney for any such party in interest, in any receivership or case under title 11 in any United States court or under its supervision, knowingly and fraudulently enters into any agreement, express or implied, with another such party in interest or attorney for another such party in interest, for the purpose of fixing the fees or other compensation to be paid to any party in interest or to any attorney for any party in interest for services rendered in connection therewith, from the assets of the estate, shall be fined under this title or imprisoned not more than one year, or both.(June 25, 1948, ch. 645, 62 Stat. 690; May 24, 1949, ch. 139, §4, 63 Stat. 90; Pub. L. 95–598, title III, §314(f)(1), (2), Nov. 6, 1978, 92 Stat. 2677; Pub. L. 103–322, title XXXIII, §330016(1)(K), Sept. 13, 1994, 108 Stat. 2147.)Historical and Revision Notes1948 ActBased on section 572a of title 28, U.S.C., 1940 ed., Judicial Code and Judiciary (Aug. 25, 1937, ch. 777, 50 Stat. 810.)Words ""upon conviction"" were deleted as surplusage since punishment can be imposed only after a conviction.A fine of ""$5,000"" was substituted for ""$10,000"" and ""one year"" for ""five years"", to reduce the offense to the grade of a misdemeanor and the punishment to an amount and term proportionate to the gravity of the offense.Minor changes were made in phraseology.1949 ActThis amendment [see section 4] clarifies section 155 of title 18, U.S.C., by restating the first paragraph thereof in closer conformity with the original law, as it existed at the time of the enactment of the revision of title 18.Editorial NotesAmendments1994-Pub. L. 103–322 substituted ""fined under this title"" for ""fined not more than $5,000"".1978-Pub. L. 95–598 substituted ""cases under title 11 and receiverships"" for ""bankruptcy proceedings"" in section catchline and in text ""or case under title 11"" for "", bankruptcy or reorganization proceeding"", inserted ""knowingly and fraudulently"" after ""supervision,"", and struck out penalty provision for a judge of a United States court to knowingly approve the payment of any fees or compensation that were fixed.1949-Act May 24, 1949, inserted references to attorneys for any party in interest in three places, and substituted ""in any United States court or under its supervision"" for ""in or under the supervision of any court of the United States"".Statutory Notes and Related SubsidiariesEffective Date of 1978 AmendmentAmendment by Pub. L. 95–598 effective Oct. 1, 1979, see section 402(a) of Pub. L. 95–598, set out as an Effective Date note preceding section 101 of Title 11, Bankruptcy.Savings ProvisionAmendment by section 314 of Pub. L. 95–598 not to affect the application of chapter 9 (§151 et seq.), chapter 96 (§1961 et seq.), or section 2516, 3057, or 3284 of this title to any act of any person (1) committed before Oct. 1, 1979, or (2) committed after Oct. 1, 1979, in connection with a case commenced before such date, see section 403(d) of Pub. L. 95–598, set out as a note preceding section 101 of Title 11, Bankruptcy.","Amendments1994-Pub. L. 103–322 substituted ""fined under this title"" for ""fined not more than $5,000"".1978-Pub. L. 95–598 substituted ""cases under title 11 and receiverships"" for ""bankruptcy proceedings"" in section catchline and in text ""or case under title 11"" for "", bankruptcy or reorganization proceeding"", inserted ""knowingly and fraudulently"" after ""supervision,"", and struck out penalty provision for a judge of a United States court to knowingly approve the payment of any fees or compensation that were fixed.1949-Act May 24, 1949, inserted references to attorneys for any party in interest in three places, and substituted ""in any United States court or under its supervision"" for ""in or under the supervision of any court of the United States"".Statutory Notes and Related SubsidiariesEffective Date of 1978 AmendmentAmendment by Pub. L. 95–598 effective Oct. 1, 1979, see section 402(a) of Pub. L. 95–598, set out as an Effective Date note preceding section 101 of Title 11, Bankruptcy.Savings ProvisionAmendment by section 314 of Pub. L. 95–598 not to affect the application of chapter 9 (§151 et seq.), chapter 96 (§1961 et seq.), or section 2516, 3057, or 3284 of this title to any act of any person (1) committed before Oct. 1, 1979, or (2) committed after Oct. 1, 1979, in connection with a case commenced before such date, see section 403(d) of Pub. L. 95–598, set out as a note preceding section 101 of Title 11, Bankruptcy."
6,6,6,6,6,6,6,156. Knowing disregard of bankruptcy law or rule,https://uscode.house.gov/view.xhtml?req=granuleid:USC-prelim-title18-section156&num=0&edition=prelim,"(a) Definitions.-In this section-(1) the term ""bankruptcy petition preparer"" means a person, other than the debtor's attorney or an employee of such an attorney, who prepares for compensation a document for filing; and(2) the term ""document for filing"" means a petition or any other document prepared for filing by a debtor in a United States bankruptcy court or a United States district court in connection with a case under title 11.(b) Offense.-If a bankruptcy case or related proceeding is dismissed because of a knowing attempt by a bankruptcy petition preparer in any manner to disregard the requirements of title 11, United States Code, or the Federal Rules of Bankruptcy Procedure, the bankruptcy petition preparer shall be fined under this title, imprisoned not more than 1 year, or both.(Added Pub. L. 103–394, title III, §312(a)(1)(B), Oct. 22, 1994, 108 Stat. 4140; amended Pub. L. 109–8, title XII, §1220, Apr. 20, 2005, 119 Stat. 195.)Editorial NotesReferences in TextThe Federal Rules of Bankruptcy Procedure, referred to in subsec. (b), are set out in the Appendix to Title 11, Bankruptcy.Amendments2005-Subsec. (a). Pub. L. 109–8, in first par., inserted ""(1) the term"" before "" 'bankruptcy petition preparer' "" and substituted ""; and"" for period at end and, in second par., inserted ""(2) the term"" before "" 'document for filing' "" and substituted ""title 11"" for ""this title"".Statutory Notes and Related SubsidiariesEffective Date of 2005 AmendmentAmendment by Pub. L. 109–8 effective 180 days after Apr. 20, 2005, and not applicable with respect to cases commenced under Title 11, Bankruptcy, before such effective date, except as otherwise provided, see section 1501 of Pub. L. 109–8, set out as a note under section 101 of Title 11.Effective DateSection effective Oct. 22, 1994, and not applicable with respect to cases commenced under Title 11, Bankruptcy, before Oct. 22, 1994, see section 702 of Pub. L. 103–394, set out as an Effective Date of 1994 Amendment note under section 101 of Title 11.","References in TextThe Federal Rules of Bankruptcy Procedure, referred to in subsec. (b), are set out in the Appendix to Title 11, Bankruptcy.Amendments2005-Subsec. (a). Pub. L. 109–8, in first par., inserted ""(1) the term"" before "" 'bankruptcy petition preparer' "" and substituted ""; and"" for period at end and, in second par., inserted ""(2) the term"" before "" 'document for filing' "" and substituted ""title 11"" for ""this title"".Statutory Notes and Related SubsidiariesEffective Date of 2005 AmendmentAmendment by Pub. L. 109–8 effective 180 days after Apr. 20, 2005, and not applicable with respect to cases commenced under Title 11, Bankruptcy, before such effective date, except as otherwise provided, see section 1501 of Pub. L. 109–8, set out as a note under section 101 of Title 11.Effective DateSection effective Oct. 22, 1994, and not applicable with respect to cases commenced under Title 11, Bankruptcy, before Oct. 22, 1994, see section 702 of Pub. L. 103–394, set out as an Effective Date of 1994 Amendment note under section 101 of Title 11."
7,7,7,7,7,7,7,157. Bankruptcy fraud,https://uscode.house.gov/view.xhtml?req=granuleid:USC-prelim-title18-section157&num=0&edition=prelim,"A person who, having devised or intending to devise a scheme or artifice to defraud and for the purpose of executing or concealing such a scheme or artifice or attempting to do so-(1) files a petition under title 11, including a fraudulent involuntary petition under section 303 of such title;(2) files a document in a proceeding under title 11; or(3) makes a false or fraudulent representation, claim, or promise concerning or in relation to a proceeding under title 11, at any time before or after the filing of the petition, or in relation to a proceeding falsely asserted to be pending under such title,shall be fined under this title, imprisoned not more than 5 years, or both.(Added Pub. L. 103–394, title III, §312(a)(1)(B), Oct. 22, 1994, 108 Stat. 4140; amended Pub. L. 109–8, title III, §332(c), Apr. 20, 2005, 119 Stat. 103; Pub. L. 111–327, §2(b), Dec. 22, 2010, 124 Stat. 3562.)Editorial NotesAmendments2010-Par. (1). Pub. L. 111–327, §2(b)(1), struck out ""bankruptcy"" after ""involuntary"".Pars. (2), (3). Pub. L. 111–327, §2(b)(2), struck out "", including a fraudulent involuntary bankruptcy petition under section 303 of such title"" after ""title 11"".2005-Pars. (1) to (3). Pub. L. 109–8, which directed insertion of "", including a fraudulent involuntary bankruptcy petition under section 303 of such title"" after ""title 11"", was executed by making the insertion after ""title 11"" wherever appearing, to reflect the probable intent of Congress.Statutory Notes and Related SubsidiariesEffective Date of 2005 AmendmentAmendment by Pub. L. 109–8 effective 180 days after Apr. 20, 2005, and not applicable with respect to cases commenced under Title 11, Bankruptcy, before such effective date, except as otherwise provided, see section 1501 of Pub. L. 109–8, set out as a note under section 101 of Title 11.Effective DateSection effective Oct. 22, 1994, and not applicable with respect to cases commenced under Title 11, Bankruptcy, before Oct. 22, 1994, see section 702 of Pub. L. 103–394, set out as an Effective Date of 1994 Amendment note under section 101 of Title 11.","Amendments2010-Par. (1). Pub. L. 111–327, §2(b)(1), struck out ""bankruptcy"" after ""involuntary"".Pars. (2), (3). Pub. L. 111–327, §2(b)(2), struck out "", including a fraudulent involuntary bankruptcy petition under section 303 of such title"" after ""title 11"".2005-Pars. (1) to (3). Pub. L. 109–8, which directed insertion of "", including a fraudulent involuntary bankruptcy petition under section 303 of such title"" after ""title 11"", was executed by making the insertion after ""title 11"" wherever appearing, to reflect the probable intent of Congress.Statutory Notes and Related SubsidiariesEffective Date of 2005 AmendmentAmendment by Pub. L. 109–8 effective 180 days after Apr. 20, 2005, and not applicable with respect to cases commenced under Title 11, Bankruptcy, before such effective date, except as otherwise provided, see section 1501 of Pub. L. 109–8, set out as a note under section 101 of Title 11.Effective DateSection effective Oct. 22, 1994, and not applicable with respect to cases commenced under Title 11, Bankruptcy, before Oct. 22, 1994, see section 702 of Pub. L. 103–394, set out as an Effective Date of 1994 Amendment note under section 101 of Title 11."
8,8,8,8,8,8,8,158. Designation of United States attorneys and agents of the Federal Bureau of Investigation to address abusive reaffirmations of debt and materially fraudulent statements in bankruptcy schedules,https://uscode.house.gov/view.xhtml?req=granuleid:USC-prelim-title18-section158&num=0&edition=prelim,"(a) In General.-The Attorney General of the United States shall designate the individuals described in subsection (b) to have primary responsibility in carrying out enforcement activities in addressing violations of section 152 or 157 relating to abusive reaffirmations of debt. In addition to addressing the violations referred to in the preceding sentence, the individuals described under subsection (b) shall address violations of section 152 or 157 relating to materially fraudulent statements in bankruptcy schedules that are intentionally false or intentionally misleading.(b) United States Attorneys and Agents of the Federal Bureau of Investigation.-The individuals referred to in subsection (a) are-(1) the United States attorney for each judicial district of the United States; and(2) an agent of the Federal Bureau of Investigation for each field office of the Federal Bureau of Investigation.(c) Bankruptcy Investigations.-Each United States attorney designated under this section shall, in addition to any other responsibilities, have primary responsibility for carrying out the duties of a United States attorney under section 3057.(d) Bankruptcy Procedures.-The bankruptcy courts shall establish procedures for referring any case that may contain a materially fraudulent statement in a bankruptcy schedule to the individuals designated under this section.(Added Pub. L. 109–8, title II, §203(b)(1), Apr. 20, 2005, 119 Stat. 49.)Statutory Notes and Related SubsidiariesEffective DateSection effective 180 days after Apr. 20, 2005, and not applicable with respect to cases commenced under Title 11, Bankruptcy, before such effective date, except as otherwise provided, see section 1501 of Pub. L. 109–8, set out as an Effective Date of 2005 Amendment note under section 101 of Title 11.",
